jmeno,prijimeni,telefonni_cislo,cislo_zamestnance,mesto
Nela,Šťastná,728 454 176,83,zam_liberec
Heather,Marková,604 404 522,84,zam_liberec
Krista,Procházková,+421 50 444 5544,85,zam_liberec
Jennifer,Brown,775 545 190,86,zam_liberec
Ladislava,Blackwell,+421 913 487 200,87,zam_liberec
Robert,Macias,+421 49 929 6856,88,zam_liberec
Dana,Reyes,+421 904 153 942,90,zam_liberec
Vasyl,Veselý,603 759 413,92,zam_liberec
Randy,Veselý,777 149 125,95,zam_liberec
Audrey,Allen,+421 908 839 506,96,zam_liberec
Ivan,Bartoš,603 226 051,99,zam_liberec
Stacy,Pospíšilová,727 293 880,3,zam_plzen
Matěj,Král,770 787 377,6,zam_plzen
Amanda,Wilson,+421 52 656 7231,7,zam_plzen
Angel,Wilson,+421 52 135 2491,8,zam_plzen
Jindřich,Howell,+421 39 043 0948,10,zam_plzen
Alexander,Martinez,721 195 689,13,zam_plzen
Radim,Kopecký,+421 917 371 226,16,zam_plzen
Miroslav,Reed,774 829 074,18,zam_plzen
Emilie,Powell,731 380 539,21,zam_plzen
Nikola,Wade,726 763 154,22,zam_plzen
Katherine,Reed,726 214 968,23,zam_plzen
Kayla,Urbanová,737 772 985,24,zam_plzen
Roman,Moreno,722 284 985,26,zam_plzen
Bohumila,Smith,608 121 912,27,zam_plzen
Blažena,Smith,+421 51 828 2591,28,zam_plzen
Phillip,Malý,731 594 560,29,zam_plzen
Brian,Hall,+421 949 656 098,30,zam_praha
Marta,Kolářová,730 456 163,32,zam_praha
John,Moravec,725 092 179,33,zam_praha
Dominika,Kopecká,722 747 626,34,zam_praha
Marcel,Hájek,+421 902 928 669,35,zam_praha
Milada,Hernandez,773 373 704,38,zam_praha
Catherine,Bender,604 068 460,40,zam_praha
Olga,Němcová,+421 914 172 243,41,zam_praha
Jeffrey,Šťastný,607 628 821,44,zam_praha
Kamila,Říhová,+421 948 396 069,47,zam_praha
Jaromír,Miller,+421 912 615 902,49,zam_praha
Christopher,Zeman,+421 948 150 084,51,zam_praha
Karolína,Short,721 589 083,53,zam_praha
Michelle,Vlčková,+421 41 720 7806,54,zam_praha
Jeffrey,Pospíšil,+421 55 491 6940,56,zam_praha
Ladislav,Blažek,+421 910 274 975,57,zam_praha
John,Bailey,775 021 116,58,zam_praha
William,Shelton,+421 47 745 8219,60,zam_praha
Miroslava,Veselá,774 029 254,62,zam_praha
William,Alexander,+421 949 106 724,63,zam_praha
Kimberly,Bass,+421 912 169 840,64,zam_praha
Nathan,Svoboda,728 710 923,66,zam_praha
Luděk,Bartoš,+421 940 700 326,69,zam_praha
Dillon,Black,734 300 978,70,zam_praha
Robert,Říha,727 351 984,72,zam_praha
Steve,Šimek,604 966 101,74,zam_praha
Theresa,Kučerová,+421 48 528 0081,76,zam_praha
Marta,Butler,+421 944 196 827,78,zam_praha
Samantha,Kadlecová,+421 904 841 543,80,zam_praha
